{
  "MAE": 516.8077228663103,
  "RMSE": 755.1437452577823,
  "SMAPE": 31.782558365191594,
  "R2": 0.43770253782251833,
  "baseline_comparison": {
    "mae": 565.7126969020037,
    "rmse": 794.5053735019163,
    "smape": 57.529050967875065,
    "r2": 0.5750223798894287
  },
  "ensemble_weights": {
    "1": {
      "pred_catboost": 0.0,
      "pred_seasonal_blend": 0.7534467779090229,
      "pred_kesin_same_hour_yesterday": 0.0,
      "pred_kesin_same_hour_last_week": 0.24655322209097702,
      "pred_kesin_rolling_168h": 0.0,
      "_use_hybrid": 1.0
    },
    "2": {
      "pred_catboost": 0.0,
      "pred_seasonal_blend": 0.7477653218916772,
      "pred_kesin_same_hour_yesterday": 0.0,
      "pred_kesin_same_hour_last_week": 0.2522346781083228,
      "pred_kesin_rolling_168h": 0.0,
      "_use_hybrid": 1.0
    },
    "3": {
      "pred_catboost": 0.0,
      "pred_seasonal_blend": 0.36024423695790925,
      "pred_kesin_same_hour_yesterday": 0.22918701135127442,
      "pred_kesin_same_hour_last_week": 0.41056875169081625,
      "pred_kesin_rolling_168h": 0.0,
      "_use_hybrid": 1.0
    },
    "4": {
      "pred_catboost": 0.0,
      "pred_seasonal_blend": 0.0,
      "pred_kesin_same_hour_yesterday": 0.4436731616673295,
      "pred_kesin_same_hour_last_week": 0.5563268383326705,
      "pred_kesin_rolling_168h": 0.0,
      "_use_hybrid": 1.0
    },
    "5": {
      "pred_catboost": 0.0,
      "pred_seasonal_blend": 0.0,
      "pred_kesin_same_hour_yesterday": 0.4436731616673295,
      "pred_kesin_same_hour_last_week": 0.5563268383326705,
      "pred_kesin_rolling_168h": 0.0,
      "_use_hybrid": 1.0
    },
    "6": {
      "pred_catboost": 0.0,
      "pred_seasonal_blend": 0.0,
      "pred_kesin_same_hour_yesterday": 0.4436731616673295,
      "pred_kesin_same_hour_last_week": 0.5563268383326705,
      "pred_kesin_rolling_168h": 0.0,
      "_use_hybrid": 1.0
    },
    "7": {
      "pred_catboost": 0.0,
      "pred_seasonal_blend": 0.0,
      "pred_kesin_same_hour_yesterday": 0.4436731616673295,
      "pred_kesin_same_hour_last_week": 0.5563268383326705,
      "pred_kesin_rolling_168h": 0.0,
      "_use_hybrid": 1.0
    },
    "8": {
      "pred_catboost": 0.0,
      "pred_seasonal_blend": 0.0,
      "pred_kesin_same_hour_yesterday": 0.4436731616673295,
      "pred_kesin_same_hour_last_week": 0.5563268383326705,
      "pred_kesin_rolling_168h": 0.0,
      "_use_hybrid": 1.0
    },
    "9": {
      "pred_catboost": 0.0,
      "pred_seasonal_blend": 0.0,
      "pred_kesin_same_hour_yesterday": 0.4436731616673295,
      "pred_kesin_same_hour_last_week": 0.5563268383326705,
      "pred_kesin_rolling_168h": 0.0,
      "_use_hybrid": 1.0
    },
    "10": {
      "pred_catboost": 0.0,
      "pred_seasonal_blend": 0.0,
      "pred_kesin_same_hour_yesterday": 0.4436731616673295,
      "pred_kesin_same_hour_last_week": 0.5563268383326705,
      "pred_kesin_rolling_168h": 0.0,
      "_use_hybrid": 1.0
    },
    "11": {
      "pred_catboost": 0.0,
      "pred_seasonal_blend": 0.0,
      "pred_kesin_same_hour_yesterday": 0.4431487102962127,
      "pred_kesin_same_hour_last_week": 0.5568512897037872,
      "pred_kesin_rolling_168h": 0.0,
      "_use_hybrid": 1.0
    },
    "12": {
      "pred_catboost": 0.0,
      "pred_seasonal_blend": 0.0,
      "pred_kesin_same_hour_yesterday": 0.4431487102962127,
      "pred_kesin_same_hour_last_week": 0.5568512897037872,
      "pred_kesin_rolling_168h": 0.0,
      "_use_hybrid": 1.0
    }
  },
  "blend_weights": {
    "1": 0.0,
    "2": 0.0,
    "3": 0.2,
    "4": 0.1,
    "5": 0.1,
    "6": 0.1,
    "7": 0.0,
    "8": 0.1,
    "9": 0.0,
    "10": 0.2,
    "11": 0.1,
    "12": 0.1
  },
  "bias_corrections": {
    "1": -12.260450289575273,
    "2": -12.293319136100367,
    "3": -12.325658315975893,
    "4": -12.356485193134922,
    "5": -12.386635914109661,
    "6": -12.416853764478832,
    "7": -12.44781246613152,
    "8": -12.478771167784403,
    "9": -12.508671501388587,
    "10": -12.537515348760547,
    "11": -12.86336029897385,
    "12": -12.892841317821643
  },
  "clip_bounds": {
    "1": {
      "lower": 1942.6924117639958,
      "upper": 3321.125576496139
    },
    "2": {
      "lower": 1941.4208552686616,
      "upper": 3321.4751423222333
    },
    "3": {
      "lower": 1941.9607318625954,
      "upper": 3321.5486263566427
    },
    "4": {
      "lower": 1944.2019549854365,
      "upper": 3321.519367931865
    },
    "5": {
      "lower": 1945.7250212287477,
      "upper": 3321.6460265858905
    },
    "6": {
      "lower": 1945.7861728724258,
      "upper": 3322.484718259331
    },
    "7": {
      "lower": 1946.2825430398207,
      "upper": 3322.179364319583
    },
    "8": {
      "lower": 1946.7219210941203,
      "upper": 3320.791494903644
    },
    "9": {
      "lower": 1947.1866585581352,
      "upper": 3320.7068613855163
    },
    "10": {
      "lower": 1947.6014858417159,
      "upper": 3320.6701531036206
    },
    "11": {
      "lower": 1948.901152498645,
      "upper": 3319.8194190165027
    },
    "12": {
      "lower": 1951.584469694083,
      "upper": 3320.2503558547974
    }
  }
}